Accession_number,Total_num_reads,num_reads_aligned_PF,genomic_coordinates_0X_nt,genomic_coordinates_<10X_nt,avg_read_quality,avg_read_quality_PF,avg_read_length,avg_read_length_PF,k2_hits_SC2,k2_hits_human,k2_hits_28384,QC_determination,QC_issues
SRR16828363,632664,137117,62,93,37.8,37.9,151,151,71091,1416,224185,not_performed,None
SRR16828364,458116,177478,32,62,37.8,37.9,151,151,90754,828,47918,not_performed,None
SRR16828365,351980,54281,32,87,37.8,37.9,151,151,27783,839,52861,not_performed,None
SRR16828366,322968,21226,301,4017,37.8,37.9,151,151,10925,513,61336,not_performed,None
SRR16828367,250920,24752,100,2294,37.8,37.9,151,151,12656,526,23955,not_performed,None
SRR16828368,261146,20964,144,1894,37.8,37.9,151,151,10730,320,11052,not_performed,None
SRR16828369,333366,22160,32,729,37.7,37.9,151,151,11406,1334,18547,not_performed,None
SRR16828370,384632,18791,394,3376,37.7,37.8,151,151,9700,472,19102,not_performed,None
SRR16828371,403370,39248,62,163,37.8,37.9,151,151,20572,4574,107214,not_performed,None
SRR16828372,325846,63982,62,128,37.8,37.9,151,151,32931,2434,69442,not_performed,None
SRR16828373,271852,21943,116,2247,37.8,37.9,151,151,11415,1517,32997,not_performed,None
SRR16828374,307272,25614,124,1717,37.8,37.9,151,151,13296,2272,47007,not_performed,None
SRR16828375,148574,7375,1688,12230,37.8,37.9,151,151,3788,254,10981,not_performed,None
SRR16828376,479676,90263,62,93,37.8,37.9,151,151,46098,1147,77069,not_performed,None
SRR16828377,401236,28574,118,1555,37.8,37.9,151,151,14824,695,52834,not_performed,None
SRR16828378,236128,32036,166,229,37.7,37.8,151,151,16414,538,27852,not_performed,None
SRR16828379,288528,23233,62,1032,37.8,37.9,151,151,11866,791,10594,not_performed,None
SRR17066048,5668942,4421649,5409,7530,36.1,36.3,195,194,2285475,330,19,not_performed,None
SRR17066049,2654612,104748,227,1199,36.9,37.0,144,144,54266,3649,211,not_performed,None
SRR17066050,3917538,91138,181,1510,36.8,36.9,145,145,46784,4413,15,not_performed,None
SRR17066051,3651432,3352659,60,89,36.1,36.2,249,248,1701934,319,0,not_performed,None
SRR17066052,3605360,2897226,10830,13374,36.6,36.7,229,229,1468134,1174,1,not_performed,None
SRR17066053,3188018,6243,12961,19145,36.9,37.0,142,142,3230,8580,573,not_performed,None
SRR17066054,4513822,2301581,4610,6184,36.4,36.5,231,231,1168080,2639,53,not_performed,None
SRR17066055,3341206,10453,6771,12690,36.8,37.0,144,144,5357,7060,364,not_performed,None
SRR17074181,274910,62973,103,5165,19.3,19.3,618,618,61122,7677,1,not_performed,None
SRR17074182,149943,18161,116,2895,18.7,18.7,871,871,19247,5375,0,not_performed,None
SRR17074183,345486,2054,100,5168,19.5,19.5,1733,1733,4033,8806,0,not_performed,None
SRR17074184,36083,1552,3522,16662,18.6,18.6,896,896,1891,1374,0,not_performed,None
SRR17074229,94830,47996,290,514,17.5,17.5,640,640,47013,95,0,not_performed,None
SRR17074230,530625,412170,68,84,17.7,17.7,654,654,401698,290,0,not_performed,None
SRR17074231,96643,43860,767,4029,17.7,17.7,660,660,42894,119,1,not_performed,None
SRR17074232,73774,15914,84,2504,17.4,17.4,659,659,15331,93,0,not_performed,None
SRR17146296,69146,3274,1379,6624,17.6,17.6,641,641,3302,255,1,not_performed,None
SRR17146297,76659,6951,519,1311,17.2,17.2,637,637,6822,259,0,not_performed,None
SRR17146298,85550,14090,929,2055,17.2,17.2,629,629,13908,722,0,not_performed,None
SRR17146299,62786,4133,550,4614,17.3,17.3,626,626,4130,231,0,not_performed,None
SRR17146300,46847,7038,948,4169,17.6,17.6,553,553,6724,162,0,not_performed,None
SRR17146301,66718,5853,1191,3049,17.6,17.6,614,614,5877,208,0,not_performed,None
SRR17517918,18118292,2355924,11786,12526,36.0,36.2,126,126,1561994,85708,219,not_performed,None
SRR17517919,21460944,2786659,12523,13078,35.6,35.7,127,127,1850539,97173,180,not_performed,None
SRR17517920,26616874,1207289,8298,9517,35.8,35.9,128,128,795893,51502,18,not_performed,None
SRR17517921,26847348,3037747,7007,7602,35.9,36.0,126,126,2028879,129833,42,not_performed,None
SRR17540870,6456034,6139977,62,110,36.3,36.6,149,149,3208848,41,2,not_performed,None
SRR17540871,7239436,6922734,71,128,36.4,36.6,149,149,3605745,44,0,not_performed,None
SRR17540872,3687990,3498847,124,128,36.4,36.7,149,149,1818866,36,0,not_performed,None
SRR17540873,4459098,4220298,66,104,36.3,36.6,149,149,2208728,27,6,not_performed,None
SRR17540874,4736492,4430218,161,177,36.4,36.6,149,149,2324346,23,2,not_performed,None
SRR17540875,4762216,4438520,512,665,36.4,36.7,149,149,2322753,33,0,not_performed,None
SRR17540876,5418372,5028957,942,1499,36.4,36.7,149,149,2621962,32,1,not_performed,None
SRR17540877,7198668,5649533,381,597,36.4,36.7,149,149,2972457,345,43,not_performed,None
SRR17578348,2000066,1608317,77,100,37.0,37.3,149,149,859342,5675,119462,not_performed,None
SRR17578349,1966816,905658,1907,2939,37.3,37.5,149,149,528382,24860,278004,not_performed,None
SRR17578350,3617894,1565774,2225,4412,37.0,37.4,149,149,902777,48317,772218,not_performed,None
SRR17578351,2461534,629097,7674,12675,37.1,37.4,149,149,440198,50691,578101,not_performed,None
SRR17578352,2506938,1067674,1485,3006,37.1,37.4,149,149,597922,17433,301347,not_performed,None
SRR17578353,2800876,1866780,66,67,37.3,37.5,149,149,1016006,67198,30609,not_performed,None
SRR17578354,2060830,1348446,81,106,37.2,37.5,149,149,735084,25793,218507,not_performed,None
SRR17578355,2861192,1755198,306,381,37.3,37.5,149,149,956562,21560,341523,not_performed,None
SRR17654134,4637110,1990031,14140,16809,34.8,34.9,301,301,1592070,278538,140144,not_performed,None
SRR17654135,8667396,3979292,5065,7020,35.0,35.0,301,301,3214364,144505,602676,not_performed,None
SRR17654136,3498330,668189,23487,26376,35.0,35.1,301,301,597341,161711,812691,not_performed,None
SRR17654137,4310540,122,23619,29837,30.7,31.8,301,301,156036,407572,207558,not_performed,None
SRR17654138,4351812,1147086,18684,21608,35.0,35.0,301,301,1042949,196497,63899,not_performed,None
SRR17654139,3872522,815819,18185,21227,34.9,34.9,301,301,723223,239713,49974,not_performed,None
SRR17654140,4613648,141,20904,29858,30.9,31.7,301,301,159436,267821,958317,not_performed,None
SRR17654141,7018478,297610,20029,29256,34.8,34.9,301,301,447605,491446,950010,not_performed,None
SRR17657410,3126572,2173372,139,161,36.4,36.9,149,149,1235099,1557,234990,not_performed,None
SRR17657411,5226076,4102804,64,67,36.2,36.8,149,149,2287110,544,285883,not_performed,None
SRR17657412,3933092,1731531,2104,3201,36.1,36.7,149,149,1020575,3109,646556,not_performed,None
SRR17657413,3475400,1817449,6115,7443,36.2,36.8,149,149,1158900,4507,299532,not_performed,None
SRR17657414,2898858,1453536,432,523,36.4,36.9,149,149,835853,2396,312803,not_performed,None
SRR17657415,6018986,5195341,66,67,36.5,36.9,149,149,2820863,718,165943,not_performed,None
SRR17657416,2449710,991665,4975,6326,36.2,36.8,149,149,643456,2091,343109,not_performed,None
SRR17657417,3562054,1294743,5438,7469,36.3,36.9,149,149,955250,7759,574958,not_performed,None
SRR17676235,7292848,4265852,7326,10267,36.8,37.0,74,74,2197309,319,1,not_performed,None
SRR17676236,8369660,5843824,3813,5408,36.8,37.0,74,74,3017591,700,0,not_performed,None
SRR17676237,4997294,106155,25702,28325,36.8,37.0,74,74,54684,60,0,not_performed,None
SRR17676238,5224670,77,25260,29903,31.5,33.9,72,73,194,112,0,not_performed,None
SRR17676239,2850842,41,27527,29903,32.4,34.3,69,67,67,29,0,not_performed,None
SRR17676240,6310378,3336702,12672,16371,36.7,36.9,74,74,1728822,460,0,not_performed,None
SRR17676241,6464622,414909,20591,26752,36.7,37.0,74,74,214883,164,0,not_performed,None
SRR17676242,4459098,70,25780,29903,31.3,33.6,73,73,147,294,0,not_performed,None
SRR17688887,5003164,3696979,16402,17931,36.8,37.0,76,76,2244377,163,42211,not_performed,None
SRR17688888,18043914,14391125,9845,11951,36.9,37.1,76,76,8701061,214,130566,not_performed,None
SRR17688889,8181620,2452935,23409,27485,36.9,37.1,76,76,1449290,3270,131990,not_performed,None
SRR17688890,5651108,77,25647,29903,32.5,33.7,76,76,391,4991,75832,not_performed,None
SRR17688891,5287778,4394947,17414,18876,36.9,37.1,76,76,2519979,98,20890,not_performed,None
SRR17688892,7067456,5807604,14505,16456,36.9,37.0,76,76,3409373,239,42408,not_performed,None
SRR17688893,6355728,105,24223,29903,31.5,34.0,76,76,10889,4523,216224,not_performed,None
SRR17688894,6521086,164343,26132,29588,36.9,37.1,76,76,109694,2674,99380,not_performed,None
SRR17691854,15239568,2905474,66,67,36.9,37.0,148,148,1790348,14269,15862,not_performed,None
SRR17691855,12590010,10800054,67,72,36.9,37.1,149,149,5656890,1624,1008,not_performed,None
SRR17691856,16449286,7374721,65,131,36.8,37.0,148,148,4200512,10387,511,not_performed,None
SRR17691857,13340938,11096538,65,67,36.8,37.0,148,148,5911211,2099,9013,not_performed,None
SRR17720373,3328760,3251201,60,95,37.5,37.6,221,221,1658612,60,0,not_performed,None
SRR17720374,3861006,3726413,55,98,37.3,37.5,223,223,1924335,74,0,not_performed,None
SRR17720375,2901752,1273201,10249,18231,37.2,37.4,200,200,655531,3047,1,not_performed,None
SRR17720376,3832118,3576187,7097,9325,37.6,37.7,212,212,1823098,590,40,not_performed,None
SRR17721362,515100,169653,5,873,20.6,20.6,601,601,179982,16120,63,not_performed,None
SRR17721363,469628,229488,289,1004,20.7,20.7,585,585,229310,12185,3,not_performed,None
SRR17721364,484126,114006,296,1210,20.6,20.6,623,623,122520,15397,4,not_performed,None
SRR17721365,355433,98482,647,1112,20.5,20.5,605,605,99705,10341,363,not_performed,None
SRR17721366,7083498,343352,469,2163,32.0,32.1,259,260,776472,3974,87,not_performed,None
SRR17721367,4861734,594937,817,2230,31.5,31.6,282,283,1270972,1591,37,not_performed,None
SRR17721368,9123908,448775,930,2206,31.8,31.9,269,269,967590,5536,97,not_performed,None
SRR17721369,3465302,335300,1389,4162,31.4,31.4,286,287,738399,1222,264,not_performed,None
SRR17721553,131082,38706,96,4786,20.8,20.8,725,725,41938,4803,0,not_performed,None
SRR17721554,173520,22919,21,113,20.6,20.6,953,953,27874,6452,0,not_performed,None
SRR17721555,160891,21761,2033,14429,21.0,21.0,851,851,26945,8216,0,not_performed,None
SRR17721556,150925,11358,5374,11221,20.7,20.7,1083,1083,12420,5978,0,not_performed,None
SRR17724289,184396,9882,15124,21350,35.5,35.7,74,74,5498,82,0,not_performed,None
SRR17724290,228634,56553,2850,8342,35.5,35.7,74,74,31327,316,0,not_performed,None
SRR17724291,320098,245463,53,511,35.3,35.6,74,74,137227,87,0,not_performed,None
SRR17724292,283408,155459,1026,3564,35.5,35.8,74,74,85697,419,0,not_performed,None
SRR17724293,344184,213307,277,2159,35.5,35.8,74,74,117974,1412,0,not_performed,None
SRR17724294,368648,303513,44,81,35.3,35.6,74,74,169762,110,0,not_performed,None
SRR17724295,320674,119420,1776,6414,35.5,35.8,74,74,65771,1138,0,not_performed,None
SRR17724296,911236,26851,7902,14948,35.9,36.1,74,74,14773,621,1,not_performed,None
SRR17724297,758734,185255,596,2553,35.1,35.4,74,74,103293,2282,0,not_performed,None
SRR17724298,1038732,753650,72,496,35.0,35.3,74,74,422708,746,0,not_performed,None
SRR17724299,1228748,1021922,55,93,34.9,35.2,74,74,575512,2179,0,not_performed,None
SRR17724300,441228,6269,19342,22971,34.7,35.1,74,74,3714,1623,0,not_performed,None
SRR17724301,716246,142171,1071,3355,34.9,35.2,74,74,79769,41136,0,not_performed,None
SRR17724302,1217594,1003921,64,233,35.0,35.3,74,74,559277,528,0,not_performed,None
SRR17724303,957164,411448,643,2145,35.1,35.4,74,74,229424,2094,0,not_performed,None
SRR17724304,673692,8487,18466,21255,35.0,35.3,74,74,4896,12432,1,not_performed,None
SRR17724305,681108,8857,18606,21064,35.1,35.4,74,74,5116,2639,0,not_performed,None
SRR17724306,536726,7627,17652,21474,35.0,35.3,74,74,4341,1979,0,not_performed,None
SRR17724307,794680,22863,8327,15009,35.9,36.1,74,74,12643,470,0,not_performed,None
SRR17724308,590366,24239,9003,14170,34.9,35.3,74,74,13820,2363,0,not_performed,None
SRR17724309,1319956,909834,53,620,35.0,35.4,74,74,510430,1220,0,not_performed,None
SRR17724310,1217730,856092,69,443,35.0,35.3,74,74,478505,1756,0,not_performed,None
SRR17724311,22754806,3403778,10306,10970,35.5,35.6,127,127,2230710,82361,107,not_performed,None
SRR17724312,21944482,2139976,7909,8741,35.7,35.8,127,127,1409912,91820,5867,not_performed,None
SRR17724313,27957584,1379399,4008,4723,35.8,35.9,128,128,899459,46573,35,not_performed,None
SRR17724314,31402356,1107220,11007,11605,35.7,36.0,127,127,743454,53227,4,not_performed,None
SRR17724315,20609446,1740170,9362,10269,35.9,36.1,127,127,1152646,82776,7,not_performed,None
SRR17724316,549280,30128,14853,17990,35.9,36.1,74,74,16662,1236,0,not_performed,None
SRR17724317,15759566,1253964,13445,14094,35.9,36.0,128,128,821321,41874,1098,not_performed,None
SRR17724318,28487136,748055,3027,3566,36.0,36.1,128,128,487545,33985,925,not_performed,None
SRR17724319,14865188,1207640,11662,12461,35.9,36.1,126,126,802715,61812,94,not_performed,None
SRR17724320,18928660,2362021,11933,12677,36.0,36.2,127,127,1566365,86600,23,not_performed,None
SRR17724321,28980702,3204677,7121,7826,35.9,36.0,127,127,2106958,53077,51,not_performed,None
SRR17724322,34065400,1429507,6785,7954,35.9,36.1,127,127,942522,72219,307,not_performed,None
SRR17724323,31682420,882007,4056,4469,35.9,36.0,127,127,582369,45617,76,not_performed,None
SRR17724324,35457806,767175,7878,9384,35.9,36.1,128,127,503086,29441,2,not_performed,None
SRR17724325,23947150,1100933,6167,6683,35.8,36.0,127,127,726412,50388,315,not_performed,None
SRR17724326,26247538,1733515,3838,4437,35.9,36.1,128,127,1132447,28157,12,not_performed,None
SRR17724327,616768,169245,8449,9877,35.9,36.0,74,74,92832,1364,0,not_performed,None
SRR17724328,21780308,2414051,9576,10178,35.8,36.0,127,127,1588793,73849,259,not_performed,None
SRR17724329,28120244,2667097,7634,8226,36.0,36.1,127,127,1744983,53271,475,not_performed,None
SRR17724330,31628098,1664593,4123,4972,35.8,35.9,127,127,1097189,42521,2947,not_performed,None
SRR17724331,20403134,2196989,8173,8821,35.9,36.0,127,127,1447371,60216,130,not_performed,None
SRR17724332,26740420,2690452,8736,9557,35.9,36.0,127,127,1786596,66255,95,not_performed,None
SRR17724333,24666132,1385407,4136,4699,35.5,35.7,128,128,919073,51783,13,not_performed,None
SRR17724334,23503508,828039,2681,3744,35.7,35.8,129,129,538862,31326,3,not_performed,None
SRR17724335,27111224,2113694,6177,6804,36.0,36.1,128,128,1386434,65940,3463,not_performed,None
SRR17724336,16969792,1408661,9041,9710,36.0,36.1,127,127,926030,40386,3603,not_performed,None
SRR17724337,24359922,1807843,8453,9387,35.9,36.1,127,127,1195489,63354,645,not_performed,None
SRR17724338,657686,102137,9512,10858,35.9,36.1,74,74,56013,1097,0,not_performed,None
SRR17724339,22488838,4319087,7177,7701,35.9,36.1,127,127,2862880,96568,2678,not_performed,None
SRR17724340,22508886,2364432,9160,9703,35.9,36.0,127,127,1562284,111382,213,not_performed,None
SRR17724341,45043484,2917212,2704,3205,35.9,36.0,127,127,1931337,104985,922,not_performed,None
SRR17724342,28550754,1727545,5615,6189,35.9,36.1,127,127,1139979,85159,81,not_performed,None
SRR17724343,28550754,1727545,5615,6189,35.9,36.1,127,127,1139979,85159,81,not_performed,None
SRR17724344,22215044,2579378,7754,8191,35.9,36.1,127,127,1706875,63820,12,not_performed,None
SRR17724345,26014110,2165757,5616,6717,35.7,35.9,128,128,1431460,78894,12164,not_performed,None
SRR17724346,25882926,2031427,3769,4630,35.9,36.1,128,128,1329902,52181,14,not_performed,None
SRR17724347,24523252,2719465,5354,6260,35.8,36.0,128,128,1771286,48463,46,not_performed,None
SRR17724348,25145414,2161553,5828,6317,35.8,35.9,128,128,1418046,51669,95,not_performed,None
SRR17724349,601848,100702,16301,17016,35.9,36.0,74,74,54640,1229,0,not_performed,None
SRR17724350,25363982,2493430,4398,5163,35.9,36.1,128,127,1638431,85475,1153,not_performed,None
SRR17724351,23308330,1377986,4045,5080,35.8,35.9,128,128,898115,30951,15,not_performed,None
SRR17724352,20226454,2439221,9217,9898,35.9,36.0,127,126,1638125,96244,8,not_performed,None
SRR17724353,27623134,765600,2951,3796,35.9,36.1,128,127,502323,16062,60,not_performed,None
SRR17724354,786990,19950,7129,16459,35.9,36.1,74,74,11287,3959,0,not_performed,None
SRR17724355,657500,57310,13558,14169,35.9,36.1,74,74,31834,1259,2,not_performed,None
SRR17724356,589306,22602,11195,17263,35.8,36.0,74,74,12843,1653,0,not_performed,None
SRR17724357,713522,123702,10284,12412,35.9,36.1,74,74,68609,3518,1,not_performed,None
SRR17724358,646496,46569,5899,13599,36.0,36.1,74,74,26743,3661,2,not_performed,None
SRR17724359,20494124,3255897,9720,10293,35.9,36.1,127,127,2144784,102879,83,not_performed,None
SRR17724360,21594264,2090718,10499,11340,35.9,36.0,127,127,1383938,116680,149,not_performed,None
SRR17724361,20586916,2660008,8776,9473,35.9,36.1,127,127,1747166,70649,111,not_performed,None
SRR17724362,22680382,1936555,12719,13519,35.9,36.0,127,127,1284717,83657,67,not_performed,None
SRR17724363,20481394,2071669,11281,11863,35.9,36.1,127,127,1371834,97046,130,not_performed,None
SRR17724364,23380386,1760848,13925,14496,35.8,36.0,127,127,1162425,40432,982,not_performed,None
SRR17724365,22715330,2323051,11252,12188,35.9,36.1,127,127,1514392,62074,5754,not_performed,None
SRR17724366,409952,7619,9874,22045,35.8,36.0,74,74,4349,3468,1,not_performed,None
SRR17724367,29625336,2209420,8964,10021,35.9,36.1,127,127,1461436,102086,124,not_performed,None
SRR17724368,19481252,1459397,7187,8245,35.6,35.8,128,128,951794,51647,104,not_performed,None
SRR17724369,20505228,1559551,8233,9488,35.9,36.0,128,128,1023861,45582,11,not_performed,None
SRR17724370,20728370,1979660,3317,4254,35.9,36.1,128,128,1298101,51543,126,not_performed,None
SRR17724371,26065850,3263658,10439,11231,35.9,36.0,127,127,2161935,109036,1165,not_performed,None
SRR17724372,21380520,1967900,11682,12175,35.9,36.1,127,127,1302612,90521,233,not_performed,None
SRR17724373,20470638,1748157,11201,12033,35.9,36.1,127,127,1161508,58212,8235,not_performed,None
SRR17724374,23434058,3516939,7736,8402,35.9,36.1,127,127,2332537,95694,188,not_performed,None
SRR17724375,20560104,1836387,11767,12909,35.9,36.1,127,127,1212802,86287,652,not_performed,None
SRR17724376,29140162,3058651,11810,12763,35.9,36.0,126,126,2039306,137136,100,not_performed,None
SRR17724377,802390,52746,18037,19202,35.9,36.1,74,74,29029,628,0,not_performed,None
SRR17724378,20277492,1308318,10330,11337,35.7,35.9,127,127,863077,72264,13036,not_performed,None
SRR17724379,25388346,1879920,10516,11106,35.6,35.7,127,127,1256395,78822,64,not_performed,None
SRR17724380,18295048,1991103,11384,12327,35.9,36.1,127,127,1314990,65782,56,not_performed,None
SRR17724381,26325658,2871858,11255,11978,35.9,36.1,126,126,1909063,119889,155,not_performed,None
SRR17724382,26120022,2827457,7707,8636,35.9,36.1,127,127,1869616,111135,6645,not_performed,None
SRR17724383,819992,88994,12313,13621,35.9,36.1,74,74,49406,1253,0,not_performed,None
SRR17724384,1091326,518987,279,930,35.8,36.0,74,74,285133,433,1,not_performed,None
SRR17724385,628172,15987,17903,22687,35.9,36.0,74,74,9199,3633,0,not_performed,None
SRR17737130,7466800,102776,15815,17895,36.2,36.3,105,105,57718,10009,1,not_performed,None
SRR17737131,8009218,158271,14911,18283,36.2,36.3,105,105,88147,10588,3,not_performed,None
SRR17737132,13610056,1015603,7737,9895,36.2,36.3,103,103,555109,14563,27,not_performed,None
SRR17737133,4832148,84228,13653,17863,36.3,36.4,105,105,47486,6391,13,not_performed,None
SRR17737134,9023544,458481,15294,18166,36.0,36.1,103,103,250195,9133,0,not_performed,None
SRR17737135,6552212,106676,15627,18622,36.2,36.3,105,105,58412,10932,12,not_performed,None
SRR17737136,11391098,366371,14297,17222,36.2,36.3,103,103,200859,22411,7,not_performed,None
SRR17737137,622564,65865,10713,14346,36.0,36.1,74,74,35725,374,0,not_performed,None
SRR17737138,711548,65110,10542,15989,35.9,36.0,74,74,35337,321,1,not_performed,None
SRR17737139,573670,49018,8442,13747,36.0,36.1,74,74,26426,390,0,not_performed,None
SRR17737140,645692,71449,3842,9268,35.9,36.0,74,74,38663,329,0,not_performed,None
SRR17737141,456704,43738,17689,20349,35.9,36.0,74,74,23586,611,0,not_performed,None
SRR17737142,652890,62638,6389,13281,35.9,36.1,74,74,33941,1248,0,not_performed,None
SRR17737143,8824788,322329,8950,11711,36.1,36.2,100,100,186862,12655,948,not_performed,None
SRR17737144,14544836,546772,10451,12584,36.2,36.3,100,100,317973,15913,45,not_performed,None
SRR17737145,6914680,93267,17350,19708,36.2,36.3,105,105,51245,10489,3,not_performed,None
SRR17737146,13143258,436527,6972,9457,36.2,36.3,100,100,251872,12777,1461,not_performed,None
SRR17737147,14108652,378428,7888,10439,36.2,36.3,100,100,219877,13359,54,not_performed,None
SRR17737148,7423850,234759,6884,10168,36.1,36.2,100,101,135387,9061,1151,not_performed,None
SRR17737149,12158502,277223,7030,8737,36.3,36.4,100,100,162187,16629,9,not_performed,None
SRR17737150,11958732,477960,5442,7233,36.2,36.4,100,100,276433,12131,1,not_performed,None
SRR17737151,690882,29527,11481,17471,35.9,36.1,74,74,16037,376,0,not_performed,None
SRR17737152,12043902,1194252,11452,13863,36.2,36.3,103,103,650479,20474,236,not_performed,None
SRR17737153,9899204,663783,13960,15588,36.2,36.3,103,103,361724,11887,50,not_performed,None
SRR17737154,6888194,165106,13879,17843,36.2,36.3,106,106,88518,5819,17,not_performed,None
SRR17737155,6244726,117727,15204,18606,36.0,36.1,105,105,65105,6768,15,not_performed,None
SRR17737156,5959602,100326,16495,19470,36.1,36.2,105,105,55045,9103,1946,not_performed,None
SRR17737157,7797056,156235,12784,15906,36.2,36.3,105,105,87372,8748,7,not_performed,None
SRR17749035,2657192,1620095,347,467,34.7,35.2,289,289,871408,2987,802,not_performed,None
SRR17763858,4778656,3040805,256,424,35.0,35.4,285,284,1632198,2379,4061,not_performed,None
SRR17770248,11961046,10390757,49,81,36.3,36.6,148,148,5408924,360,8,not_performed,None
SRR17771315,7171032,2389926,238,377,34.7,35.2,293,293,1351142,10197,13092,not_performed,None
SRR17771316,6829538,3588529,277,645,34.9,35.3,291,291,1948615,12481,3739,not_performed,None
SRR17771317,5508174,3731123,352,593,35.0,35.4,295,294,1994281,3705,3559,not_performed,None
SRR17771318,5446532,3656494,655,838,34.7,35.2,294,294,1991246,2791,7978,not_performed,None
SRR17771792,819007,636233,98,111,88.4,88.4,1136,1136,635875,751,23,not_performed,None
SRR17771793,373770,283540,98,111,88.7,88.7,998,998,283318,327,21,not_performed,None
SRR17786017,9099828,8308097,62,62,36.4,36.7,148,148,4313643,131,4,not_performed,None
SRR17786018,10684390,9618939,54,66,36.4,36.7,149,149,4979698,213,11,not_performed,None
SRR17786019,12121282,11328261,62,62,36.5,36.7,148,148,5820690,150,5,not_performed,None
SRR17786781,373550,346402,127,150,37.0,37.5,149,149,185423,59,345,not_performed,None
SRR17786782,542472,498837,82,131,36.8,37.4,149,149,269016,71,615,not_performed,None
SRR17786783,470134,440641,67,92,37.1,37.5,149,149,234057,21,653,not_performed,None
SRR17786784,651118,446781,5144,5658,37.0,37.4,149,149,249847,1782,49308,not_performed,None
SRR17786785,527664,461229,84,87,37.0,37.4,149,149,247287,230,2719,not_performed,None
SRR17786786,634456,526408,516,677,36.8,37.4,149,149,289288,1316,15461,not_performed,None
SRR17786787,498176,458796,116,199,37.0,37.4,149,149,245171,70,3503,not_performed,None
SRR17786788,545180,473236,117,150,37.0,37.5,149,149,252862,196,11285,not_performed,None
SRR17786789,605362,563735,85,87,37.0,37.4,149,149,300643,87,185,not_performed,None
SRR17786790,710308,616026,84,91,36.2,37.2,149,149,349242,110,4439,not_performed,None
SRR17786791,704000,643269,87,149,36.9,37.4,149,149,346529,162,3128,not_performed,None
SRR17786792,678300,616979,101,236,36.8,37.4,149,149,333382,199,2844,not_performed,None
SRR17786793,850636,756841,93,157,37.0,37.4,149,149,404090,394,7976,not_performed,None
SRR17786834,260917,79904,1112,2083,88.6,88.6,1274,1274,79890,1014,25,not_performed,None
SRR17786835,385737,59367,4955,9264,89.7,89.7,608,608,59213,1545,28,not_performed,None
SRR17805971,43564,43508,70,1479,38.4,38.4,147,147,43547,0,0,not_performed,None
SRR17805972,96783,96670,89,579,38.4,38.4,147,147,96744,0,0,not_performed,None
SRR17805973,1946,1908,5800,20790,38.3,38.3,148,148,1918,0,0,not_performed,None
SRR17805974,7350,7211,4428,11114,38.4,38.4,147,147,7219,0,0,not_performed,None
SRR17837492,4141330,1070645,2174,3268,35.9,36.4,251,251,1894543,629,24,not_performed,None
SRR17837493,5062886,1346588,3931,5089,36.2,36.5,251,251,2373742,667,5,not_performed,None
SRR17837494,6498664,1118558,4132,6517,35.9,36.3,251,251,3000396,1533,1932,not_performed,None
SRR17837495,6990104,1728881,5584,8127,36.1,36.5,251,251,3356855,1728,60,not_performed,None
SRR17839318,326552,3249,185,10083,36.3,36.4,151,151,1698,58036,65905,not_performed,None
SRR17839319,560776,9073,91,2320,36.4,36.5,151,151,4736,19572,208287,not_performed,None
SRR17839320,777246,3701,3217,12350,36.5,36.6,151,151,1929,111009,81980,not_performed,None
SRR17839321,645272,3713,2147,12370,36.4,36.5,151,151,1925,23435,136031,not_performed,None
SRR17839739,1730548,1536208,126,297,36.3,36.6,149,149,802641,69,29,not_performed,None
SRR17839740,1189020,1034764,106,165,36.3,36.6,149,149,547376,83,83,not_performed,None
SRR17839741,1806516,1635644,67,67,36.3,36.6,149,149,860159,86,8,not_performed,None
SRR17839742,2422846,2221346,66,67,36.3,36.6,149,149,1156617,238,94,not_performed,None
SRR17839744,1825078,1638464,80,150,36.3,36.6,149,149,856474,96,8,not_performed,None
SRR17839753,1115114,1016577,409,1264,36.2,36.5,149,149,530802,37,32,not_performed,None
SRR17839754,2971604,2068678,147,373,36.3,36.6,149,149,1107661,503,1128,not_performed,None
SRR17839755,1380870,1300384,82,131,36.3,36.6,149,149,679452,24,9,not_performed,None
SRR17839756,1706986,1578147,84,131,36.3,36.6,149,149,823323,48,1,not_performed,None
SRR17839757,1512860,1406756,66,86,36.3,36.5,149,149,734690,50,48,not_performed,None
SRR17839758,1559346,1415363,66,72,36.2,36.5,149,149,742874,52,15,not_performed,None
SRR17839761,2327034,2140120,83,87,36.3,36.5,149,149,1117634,69,111,not_performed,None
SRR17843586,2303632,2011965,66,111,36.2,36.5,149,149,1061416,145,109,not_performed,None
SRR17843587,892600,735610,305,1012,36.4,36.6,149,149,387079,129,24,not_performed,None
SRR17843588,1513160,1408981,84,87,36.2,36.5,149,149,736220,33,6,not_performed,None
SRR17843589,1459860,815090,155,513,36.4,36.6,149,149,442367,390,417,not_performed,None
SRR17843590,1608010,1474793,65,72,36.3,36.6,149,149,775076,43,108,not_performed,None
SRR17843591,1220476,1035177,655,1941,35.6,36.2,149,149,559587,72,79,not_performed,None
SRR17843592,1944382,1728970,67,111,36.4,36.6,149,149,901663,95,11,not_performed,None
SRR17843605,1485552,1326482,364,1171,36.3,36.6,149,149,690461,104,25,not_performed,None
SRR17843606,1594390,1451109,85,336,36.4,36.6,149,149,753566,80,207,not_performed,None
SRR17843607,1993114,1815947,41,79,36.3,36.5,149,149,951185,103,3,not_performed,None
SRR17843608,2316622,2072942,66,85,36.3,36.5,149,149,1084542,109,59,not_performed,None
SRR17843609,1443226,1346535,61,71,36.3,36.5,149,149,700549,52,33,not_performed,None
SRR17843610,1965860,1805266,67,67,36.3,36.6,149,149,948426,74,128,not_performed,None
SRR17867385,215968,1281,1969,21846,37.7,37.8,251,251,1368,4708,44408,not_performed,None
SRR17867386,276998,3820,257,7312,37.6,37.7,251,251,3236,2009,72543,not_performed,None
SRR17867387,1478690,1723,3983,19580,36.4,36.5,151,151,925,161211,542884,not_performed,None
SRR17867388,1359978,3548,481,9843,36.4,36.5,151,151,1887,170140,425272,not_performed,None
SRR17867389,842076,2201,1109,16093,36.4,36.5,151,151,1187,120597,245648,not_performed,None
SRR17867390,609092,9643,136,1663,36.4,36.5,151,151,5125,55007,224391,not_performed,None
SRR17867391,631938,3539,238,9645,36.4,36.5,151,151,1851,19406,266915,not_performed,None
SRR17867392,699028,1441,2536,22216,36.4,36.5,151,151,781,73038,238492,not_performed,None
SRR17867393,595182,1802,1313,19244,36.4,36.5,151,151,952,60387,212081,not_performed,None
SRR17867394,347992,804,6520,27242,36.5,36.6,151,151,423,38373,101874,not_performed,None
SRR17867395,612756,8204,650,7817,37.4,37.6,151,151,4250,2742,37860,not_performed,None
SRR17867396,507048,2785,684,12319,36.4,36.5,151,151,1471,16560,216688,not_performed,None
SRR17867397,1483788,1193,3953,24370,36.4,36.5,151,151,668,75342,626904,not_performed,None
SRR17867398,1016918,2733,820,15117,36.3,36.4,151,151,1444,32709,452676,not_performed,None
SRR17867399,831150,1744,1837,20397,36.4,36.5,151,151,914,14012,371695,not_performed,None
SRR17867400,929758,5090,517,5550,36.4,36.5,151,151,2684,45336,398969,not_performed,None
SRR17867401,748722,1578,2573,20836,36.4,36.5,151,151,839,31577,286609,not_performed,None
SRR17867402,508522,1841,1974,19227,36.3,36.4,151,151,985,24853,209511,not_performed,None
SRR17867403,621018,1358,2109,22551,36.5,36.6,151,151,715,35939,233216,not_performed,None
SRR17867404,917366,5889,280,5355,36.8,37.0,151,151,3155,755,399870,not_performed,None
SRR17867405,1531858,359991,32,32,37.5,37.6,251,251,198596,2804,73962,not_performed,None
SRR17867406,834988,237234,32,32,37.5,37.6,251,251,131247,2047,53218,not_performed,None
SRR17867407,755942,194121,62,62,37.5,37.6,251,251,105450,1412,54440,not_performed,None
SRR17867408,773580,54240,62,62,37.4,37.5,251,251,29879,1814,36225,not_performed,None
SRR17867409,422488,142118,62,62,37.4,37.5,251,251,81428,1589,27576,not_performed,None
SRR17867410,359586,45075,77,208,37.4,37.5,251,251,25451,2061,37149,not_performed,None
SRR17867411,453692,69169,32,32,37.5,37.6,251,251,37075,1130,10990,not_performed,None
SRR17867412,568172,40333,62,141,37.6,37.7,251,251,24272,1648,68510,not_performed,None
SRR17867413,695638,5685,3304,11646,37.4,37.6,151,151,2934,2569,79380,not_performed,None
SRR17867414,567792,632,10010,24623,37.5,37.8,251,251,2599,3347,236009,not_performed,None
SRR17867415,282542,2384,2400,14096,37.7,37.8,251,251,2604,3313,105774,not_performed,None
SRR17867416,266004,7223,154,3430,37.7,37.7,251,251,6013,981,67575,not_performed,None
SRR17867417,619460,7519,762,3919,37.7,37.8,251,251,6560,3930,179047,not_performed,None
SRR17867418,423166,3783,8808,17603,37.6,37.7,251,251,3854,2175,124705,not_performed,None
SRR17867419,365276,2686,5764,12129,37.7,37.8,251,251,2847,1690,141007,not_performed,None
SRR17867420,214030,35,26842,29903,37.5,37.6,251,251,526,1778,69907,not_performed,None
SRR17867421,233156,117,20310,29866,36.6,37.5,251,251,918,7590,76685,not_performed,None
SRR17867422,274848,7249,32,4666,37.5,37.6,251,251,6469,8207,99123,not_performed,None
SRR17867423,230570,3126,4099,18206,37.5,37.6,251,251,2272,1837,31347,not_performed,None
SRR17867424,688498,2104,6873,20222,37.4,37.6,151,151,1108,5669,42851,not_performed,None
SRR17867425,628466,4083,2339,14418,36.6,36.8,151,151,2344,3176,199595,not_performed,None
SRR17867426,706162,1365,11365,23628,36.7,36.9,151,151,898,2517,134407,not_performed,None
SRR17867427,542426,2221,6927,19371,36.8,36.9,151,151,1173,497,82784,not_performed,None
SRR17867428,917666,14097,893,5001,37.4,37.5,151,151,7329,19601,240579,not_performed,None
SRR17867429,313912,1042,10407,25462,36.7,36.9,151,151,557,264,36655,not_performed,None
SRR17867430,337748,27109,74,1012,36.9,37.0,151,151,14006,1373,76303,not_performed,None
SRR17867431,2459778,4919,7147,14505,36.9,37.0,151,151,2622,2072,244358,not_performed,None
SRR17867432,96536,696,8758,27638,36.9,36.9,151,151,367,512,21407,not_performed,None
SRR17867433,572172,6936,1478,6821,36.8,37.0,151,151,3712,1512,231456,not_performed,None
SRR17867434,637544,4464,1923,12535,36.6,36.8,151,151,2360,494,29929,not_performed,None
SRR17867435,1544410,74336,62,126,36.8,37.0,151,151,38391,1472,72879,not_performed,None
SRR17867436,220554,4319,938,12495,36.8,37.0,151,151,2261,179,51535,not_performed,None
SRR17867437,819128,8940,261,4158,35.5,36.2,151,151,5312,2610,76316,not_performed,None
SRR17867438,923014,61647,32,170,35.4,36.2,151,151,36176,2939,84770,not_performed,None
SRR17867439,569284,5851,678,9104,37.4,37.5,151,151,3013,1202,37594,not_performed,None
SRR17867440,810166,9730,97,4363,35.1,36.1,151,151,6091,2210,61340,not_performed,None
SRR17867441,780952,26683,62,557,35.6,36.3,151,151,15645,3198,59534,not_performed,None
SRR17867442,878102,191434,30,30,35.6,36.3,151,151,110700,1149,149307,not_performed,None
SRR17867443,779522,16862,115,1223,35.5,36.3,151,151,9900,1906,39293,not_performed,None
SRR17867444,780914,2470,4556,19660,35.0,36.1,151,151,1633,1661,35716,not_performed,None
SRR17867445,650260,1608,7931,17743,37.5,37.7,251,251,1241,1304,40188,not_performed,None
SRR17867446,775432,74808,62,62,37.5,37.6,251,251,43577,3989,49952,not_performed,None
SRR17867447,755032,209345,32,62,36.8,37.0,151,151,108209,1222,242475,not_performed,None
SRR17867448,602512,562,16323,26914,37.2,37.5,151,151,315,2085,31800,not_performed,None
SRR17867449,1532538,4668,327,5191,36.5,36.5,151,151,2459,22201,705244,not_performed,None
SRR17867450,593090,22384,198,614,37.0,37.1,151,151,11541,277,227202,not_performed,None
SRR17867451,801292,10424,241,2332,36.9,37.0,151,151,5533,1330,327066,not_performed,None
SRR17867452,761902,5795,339,5851,36.9,37.1,151,151,3072,1020,279365,not_performed,None
SRR17867453,889426,24700,198,510,36.9,37.0,151,151,12855,889,356295,not_performed,None
SRR17867454,689608,141945,32,35,36.8,37.0,151,151,73572,1028,218629,not_performed,None
SRR17867455,747028,19558,166,521,36.7,36.9,151,151,10350,1854,292705,not_performed,None
SRR17867456,742560,174187,32,65,36.9,37.0,151,151,89887,976,193870,not_performed,None
SRR17867457,761554,14403,209,763,36.9,37.0,151,151,7449,385,234795,not_performed,None
SRR17867458,325922,2107,5703,20233,36.9,37.0,151,151,1107,564,47815,not_performed,None
SRR17867459,690920,10216,1080,6133,37.3,37.5,151,151,5300,2594,98287,not_performed,None
SRR17867460,271690,20935,2208,5621,37.0,37.1,151,151,10807,670,75608,not_performed,None
SRR17867461,622046,686,14438,26937,37.0,37.1,151,151,372,542,126526,not_performed,None
SRR17867462,627246,1086,9324,24866,36.8,37.0,151,151,734,1508,164580,not_performed,None
SRR17867463,294210,1570,7617,22881,36.8,36.9,151,151,856,616,102124,not_performed,None
SRR17867464,319598,2285,4649,21333,36.9,37.0,151,151,1205,477,104073,not_performed,None
SRR17867465,729396,754,11485,26876,36.6,36.8,151,151,578,2405,207260,not_performed,None
SRR17867466,408470,2486,1817,17573,36.7,36.9,151,151,1420,1601,157926,not_performed,None
SRR17867467,1092452,127456,24,46,35.1,36.1,151,151,77988,7080,182402,not_performed,None
SRR17867468,1082130,20883,62,1393,35.5,36.3,151,151,12535,4595,82567,not_performed,None
SRR17867469,878678,4033,998,10185,35.1,36.2,151,151,2604,1056,147347,not_performed,None
SRR17867470,575614,44738,316,1492,37.3,37.5,151,151,22963,503,13793,not_performed,None
SRR17867471,561248,47898,202,1656,37.4,37.5,151,151,24417,842,3274,not_performed,None
SRR17867472,587782,3133,4250,16430,37.4,37.6,151,151,1611,1805,23385,not_performed,None
SRR17867473,559792,74369,97,155,37.3,37.5,151,151,38186,337,13050,not_performed,None
SRR17867474,723996,12191,1498,6199,37.4,37.5,151,151,6245,229,2959,not_performed,None
SRR17867475,585742,7286,997,6939,37.3,37.4,151,151,3737,154,1205,not_performed,None
SRR17867476,521514,4123,17981,21611,37.2,37.4,151,151,2148,516,28212,not_performed,None
SRR17867477,509458,20038,2599,7191,37.3,37.4,151,151,10306,376,3142,not_performed,None
SRR17867478,557338,6608,3507,10252,37.2,37.4,151,151,3429,254,8408,not_performed,None
SRR17867479,505952,38628,157,1362,37.2,37.3,151,151,19999,140,2912,not_performed,None
SRR17867480,623294,11465,1254,9007,37.3,37.5,151,151,5868,92,1277,not_performed,None
SRR17867481,1303632,19022,1289,5888,37.3,37.5,151,151,9764,235,1933,not_performed,None
SRR17867482,855108,91927,32,79,37.5,37.6,251,251,56135,15382,219481,not_performed,None
SRR17867483,606964,108959,62,62,37.5,37.7,251,251,63718,8491,180360,not_performed,None
SRR17867484,505574,1852,9743,22045,37.5,37.6,151,151,951,840,42230,not_performed,None
SRR17867485,529078,6964,827,7971,37.4,37.5,151,151,3602,2247,29928,not_performed,None
SRR17867486,505006,1091,12738,24316,37.5,37.6,151,151,565,1860,21612,not_performed,None
SRR17869086,106107,90894,630,1029,18.5,18.5,676,676,89732,1417,0,not_performed,None
SRR17869087,121393,92014,393,929,18.8,18.8,675,675,90602,2295,0,not_performed,None
SRR17869088,260289,226184,144,462,18.8,18.8,666,666,223790,3132,0,not_performed,None
SRR17869089,331855,288743,370,693,18.8,18.8,663,663,285216,4185,2,not_performed,None
SRR17869096,354159,325920,2,661,18.7,18.7,667,667,322171,3851,0,not_performed,None
SRR17869097,214826,138918,558,818,18.9,18.9,661,661,136548,5190,0,not_performed,None
SRR17869098,153648,113943,306,705,18.8,18.8,658,658,112484,3283,0,not_performed,None
SRR17869101,602832,549640,473,635,18.6,18.6,677,677,545260,7379,0,not_performed,None
SRR17951134,3198212,2569792,67,130,37.0,37.1,149,149,1333870,847,163,not_performed,None
SRR17951285,3284362,3142365,62,104,36.9,37.1,149,149,1607648,123,17,not_performed,None
SRR17951286,4091750,3656304,62,86,37.0,37.1,149,149,1883563,646,13,not_performed,None
SRR17951287,2349148,2155752,66,67,36.9,37.1,149,149,1110634,277,295,not_performed,None
SRR17951288,2238064,2098828,58,67,36.9,37.1,149,149,1076113,59,214,not_performed,None
SRR17951289,2756418,2377030,72,157,37.0,37.1,149,149,1223426,585,39,not_performed,None
SRR17951290,1797856,1485953,307,1110,37.0,37.1,149,149,764427,567,302,not_performed,None
SRR17951291,4401842,3666188,66,67,37.0,37.1,149,149,1894891,1388,166,not_performed,None
SRR17951292,2031592,1922598,71,106,37.0,37.1,149,149,981868,103,119,not_performed,None
SRR17951293,3861650,3080576,124,130,36.9,37.1,149,149,1601303,1011,196,not_performed,None
SRR17971003,73792,60907,460,929,19.9,19.9,668,668,60638,744,0,not_performed,None
SRR17971128,57836,48281,304,927,20.0,20.0,661,661,48029,480,0,not_performed,None
SRR17971129,88355,70339,303,684,20.0,20.0,658,658,69591,549,0,not_performed,None
SRR17971130,136119,123936,669,908,19.9,19.9,669,669,123484,641,0,not_performed,None
SRR17971131,78350,64514,867,912,19.9,19.9,651,651,64155,642,0,not_performed,None
SRR17975893,899368,16910,22023,22855,35.5,35.8,74,74,9340,194,0,not_performed,None
SRR17975894,776842,27236,20508,21412,35.5,35.8,74,74,15322,155,0,not_performed,None
SRR17975895,450712,283998,8099,12078,35.3,35.7,74,74,155551,45,0,not_performed,None
SRR17975896,555268,234179,2782,4188,35.4,35.8,74,74,127582,60,0,not_performed,None
SRR17975897,942910,542534,10078,10679,35.5,35.8,74,74,294473,115,0,not_performed,None
SRR17975898,840976,515521,5974,6610,35.4,35.8,74,74,281102,115,0,not_performed,None
SRR17975899,836224,133647,14767,15637,35.4,35.8,74,74,76131,172,0,not_performed,None
SRR17975900,829784,214774,17998,18832,35.5,35.8,74,74,121645,151,0,not_performed,None
SRR17975901,910594,297717,20167,20471,35.5,35.8,74,74,167652,160,0,not_performed,None
SRR17975902,909528,136474,8437,9729,35.3,35.7,74,74,76187,123,0,not_performed,None
SRR17975903,552926,21649,18550,20235,35.5,35.8,74,74,11966,164,0,not_performed,None
SRR17975904,879270,353796,20892,21196,35.5,35.8,74,74,197870,112,0,not_performed,None
SRR17975905,932286,66678,18371,22558,35.4,35.7,74,74,36898,134,0,not_performed,None
SRR17975906,1036934,14016,29481,29486,35.5,35.8,74,74,7772,125,0,not_performed,None
SRR17975907,620346,113244,16229,19368,35.5,35.8,74,74,61830,246,0,not_performed,None
SRR17975908,672406,430491,5285,6821,35.4,35.7,74,74,232504,94,0,not_performed,None
SRR17975909,853852,381852,14904,18081,35.4,35.8,74,74,213306,629,0,not_performed,None
SRR17975910,951424,255118,17531,18477,35.5,35.8,74,74,140906,178,0,not_performed,None
SRR17975911,965290,77721,21390,21902,35.4,35.7,74,74,43341,166,0,not_performed,None
SRR17975912,556156,412786,27251,27322,35.5,35.8,74,74,229376,147,1,not_performed,None
SRR17975913,770370,254495,17443,18834,35.2,35.6,74,74,142991,151,0,not_performed,None
SRR17975914,420892,191923,19757,23231,35.4,35.8,74,74,106183,71,0,not_performed,None
SRR17975915,898896,21265,28655,28689,35.4,35.7,74,74,11809,169,0,not_performed,None
SRR17975916,993964,157092,12357,14160,35.5,35.7,74,74,87703,213,0,not_performed,None
SRR17975917,702442,506190,7510,9559,35.4,35.7,74,74,278390,95,0,not_performed,None
SRR17975918,989652,735627,5710,6361,35.5,35.8,74,74,408768,175,1,not_performed,None
SRR17975919,860240,355321,15461,16086,35.3,35.6,74,74,195652,148,0,not_performed,None
SRR17975920,890272,709625,23535,23700,35.6,35.8,74,74,396793,290,0,not_performed,None
SRR17975921,707390,6886,26265,26476,35.5,35.8,74,74,3810,100,0,not_performed,None
SRR17975922,754954,69627,21459,22270,35.5,35.8,74,74,38810,135,0,not_performed,None
SRR17975923,797090,307626,16411,17439,35.4,35.8,74,74,171352,119,0,not_performed,None
SRR17975924,1003440,71170,8576,10402,35.5,35.8,74,74,39714,197,0,not_performed,None
SRR17975925,1197162,916472,20734,21426,35.5,35.8,74,74,517049,215,0,not_performed,None
SRR17975926,1002246,780545,19272,19583,35.5,35.8,74,74,431624,148,0,not_performed,None
SRR17975927,932328,707535,23823,24096,35.4,35.8,74,74,392483,139,0,not_performed,None
SRR17975928,845400,133024,8592,9886,35.5,35.8,74,74,73207,167,0,not_performed,None
SRR17975929,775524,73921,18363,19955,35.5,35.8,74,74,40879,146,0,not_performed,None
SRR17975930,785882,351063,14744,15299,35.4,35.8,74,74,193236,139,0,not_performed,None
SRR17975931,718294,280160,12306,13367,35.4,35.8,74,74,153905,111,0,not_performed,None
SRR17978072,3254552,2521850,110,167,37.0,37.1,149,149,1310498,1102,207,not_performed,None
SRR18017651,2252318,2012425,87,809,36.3,36.5,149,149,1051694,133,91,not_performed,None
SRR18017654,2864700,2634367,477,1983,36.2,36.5,149,149,1385274,78,107,not_performed,None
SRR18017658,1579436,1446356,1136,4473,36.1,36.4,149,149,758840,42,8,not_performed,None
SRR18017669,2549968,2198704,101,152,36.2,36.5,149,149,1151602,103,18,not_performed,None
SRR18017674,2227320,1937243,287,1433,36.1,36.4,149,149,1015885,39,35,not_performed,None
SRR18017683,2730664,2487571,175,768,36.2,36.5,149,149,1298970,61,21,not_performed,None
SRR18017686,2508368,2346048,1286,2698,36.2,36.5,149,149,1220204,35,42,not_performed,None
SRR18017687,2373046,2199653,62,66,36.1,36.4,149,149,1163568,29,43,not_performed,None
SRR18017700,1971226,1814671,1265,3865,36.3,36.5,149,149,945683,58,186,not_performed,None
SRR18017717,2226968,2079639,61,95,36.1,36.4,149,149,1095631,16,22,not_performed,None
SRR18017724,1770206,1604647,2160,3984,36.3,36.5,149,149,835387,65,83,not_performed,None
SRR18017727,2133400,1898948,66,100,36.1,36.4,149,149,1001484,58,49,not_performed,None
SRR18017730,3010180,2748082,1073,2620,36.2,36.5,149,149,1435465,96,169,not_performed,None
SRR18017789,2243096,2016266,1347,3384,36.3,36.5,149,149,1048749,110,186,not_performed,None
SRR18017791,2497292,2255369,1616,2785,36.3,36.5,149,149,1176245,120,303,not_performed,None
SRR18017794,2366434,2202792,62,92,36.1,36.4,149,149,1160228,32,70,not_performed,None
SRR18018920,2372148,2219660,62,64,36.2,36.5,149,149,1164514,31,66,not_performed,None
SRR18036402,845864,512684,13549,14231,37.9,38.0,151,151,286450,5220,43272,not_performed,None
SRR18036403,649014,520052,7772,8415,37.8,37.9,151,151,276064,2075,29121,not_performed,None
SRR18036404,427504,388441,123,179,37.8,37.9,151,151,201196,2057,2260,not_performed,None
SRR18036405,800734,757670,86,150,37.8,37.9,151,151,388681,620,6130,not_performed,None
SRR18036406,489176,410079,128,157,37.5,37.7,151,151,214008,266,7570,not_performed,None
SRR18036407,761080,651866,1258,1767,37.7,37.9,151,151,339366,1729,26620,not_performed,None
SRR18036408,454652,436745,67,105,37.8,37.9,151,151,223919,75,2721,not_performed,None
SRR18036409,488234,464607,83,150,37.8,37.9,151,151,238312,450,3657,not_performed,None
SRR18036410,768942,583055,7449,7858,37.8,37.9,151,151,312313,5843,54446,not_performed,None
SRR18036411,602336,448187,12333,12597,37.7,37.9,151,151,246375,7594,25129,not_performed,None
SRR18036412,586556,535148,123,159,37.8,37.9,151,151,274349,110,5954,not_performed,None
SRR18036413,822474,772048,157,309,37.7,37.9,151,151,397369,1759,2682,not_performed,None
SRR18036594,154545,128997,438,904,19.7,19.7,674,674,128112,1638,0,not_performed,None
SRR18036595,140514,4033,1099,4771,18.8,18.8,635,635,4430,3879,0,not_performed,None
SRR18036697,82363,1873,1729,8381,18.8,18.8,630,630,2191,2766,1,not_performed,None
SRR18036698,200290,183000,366,910,19.4,19.4,676,676,181887,1272,0,not_performed,None
SRR18036699,116396,2933,989,5691,19.1,19.1,650,650,3382,3865,0,not_performed,None
SRR18036700,136632,103572,289,686,19.5,19.5,666,666,102757,1473,0,not_performed,None
SRR18036701,157693,2323,1071,8920,18.7,18.7,602,602,2929,4259,764,not_performed,None
SRR18036702,148871,96059,379,916,19.2,19.2,670,670,95411,2578,0,not_performed,None
SRR18050592,4388406,4270687,63,67,37.5,37.5,149,149,2177756,85,121,not_performed,None
SRR18050593,41205,33080,698,932,19.9,19.9,651,651,32820,695,0,not_performed,None
SRR18050594,5451836,5295198,62,67,37.5,37.5,149,149,2683569,271,455,not_performed,None
SRR18050641,3296432,3220561,62,85,37.5,37.5,149,149,1634365,90,12,not_performed,None
SRR18050642,4671204,4466271,64,67,37.5,37.5,149,149,2273424,419,402,not_performed,None
SRR18050643,3907254,3819530,66,67,37.5,37.5,149,149,1934117,117,11,not_performed,None
SRR18050644,3930850,3854419,58,67,37.4,37.5,149,149,1949247,140,10,not_performed,None
SRR18053867,2456288,2146691,62,69,36.3,36.6,149,149,1128610,154,186,not_performed,None
SRR18072967,577540,408895,25382,25503,34.8,35.3,74,74,234981,86,0,not_performed,None
SRR18072968,775466,399194,25829,25931,34.8,35.2,74,74,228843,149,1,not_performed,None
SRR18072969,579728,228030,22039,22661,34.7,35.2,74,74,129893,141,0,not_performed,None
SRR18072970,664562,123901,27391,27463,34.8,35.2,74,74,70721,282,0,not_performed,None
SRR18072971,879906,246067,26105,26221,34.7,35.2,74,74,142136,190,0,not_performed,None
SRR18072972,1015980,99783,27392,27487,34.8,35.2,74,74,56952,270,0,not_performed,None
SRR18072973,884564,273315,20452,21511,34.7,35.2,74,74,157633,264,0,not_performed,None
SRR18072974,905708,579527,24249,24348,34.8,35.3,74,74,336583,171,0,not_performed,None
SRR18072975,621514,48949,22930,23899,34.7,35.2,74,74,28135,173,0,not_performed,None
SRR18072976,998142,117019,22559,23413,34.8,35.3,74,74,66790,196,0,not_performed,None
SRR18072977,722334,49418,23293,23723,34.9,35.3,74,74,28061,170,0,not_performed,None
SRR18072978,958430,601974,21821,22008,34.7,35.2,74,74,357525,157,0,not_performed,None
SRR18072979,682380,273435,25756,25955,34.9,35.3,74,74,163294,150,0,not_performed,None
SRR18072980,617806,194084,21670,21979,34.9,35.3,74,74,109692,98,0,not_performed,None
SRR18143732,1052154,845529,659,1040,37.7,37.8,149,149,440590,4857,74881,not_performed,None
SRR18143733,1257322,1191926,116,133,37.7,37.9,149,149,614500,1502,9241,not_performed,None
SRR18143734,1274820,737264,5398,6182,37.7,37.8,149,149,399987,8400,203919,not_performed,None
SRR18143735,3577328,2978712,78,90,37.5,37.8,149,149,1569576,7515,151951,not_performed,None
SRR18143736,450092,296141,3749,4338,37.6,37.8,149,149,161434,3438,47400,not_performed,None
SRR18143737,2215512,1959326,112,153,37.6,37.8,149,149,1028356,16614,13113,not_performed,None
SRR18143738,2836444,2475005,129,150,37.6,37.8,149,149,1287850,3387,75187,not_performed,None
SRR18143739,1196160,1074415,131,346,37.6,37.8,149,149,558927,4847,21211,not_performed,None
SRR18143740,479746,355652,6860,7928,37.2,37.6,149,149,189895,1743,37916,not_performed,None
SRR18143741,681982,452179,2623,3839,37.7,37.8,149,149,238829,4012,43382,not_performed,None
SRR18143742,492208,383620,4303,4891,37.6,37.8,149,149,200906,2586,33929,not_performed,None
SRR18143743,520700,288477,8694,9330,37.4,37.7,149,149,161909,4686,51604,not_performed,None
SRR18143744,1310332,1019096,1455,2055,37.4,37.7,149,149,543033,13799,68975,not_performed,None
SRR18143745,1210926,1063894,165,184,37.6,37.8,149,149,553723,2535,37602,not_performed,None
SRR18143746,1452878,1318510,130,181,37.6,37.8,149,149,684472,2518,37859,not_performed,None
SRR18207356,343160,16272,62,545,36.1,36.5,151,151,11899,620,25450,not_performed,None
SRR18207357,304506,21797,62,234,36.0,36.5,151,151,15987,596,16380,not_performed,None
SRR18207358,392684,41373,62,298,36.1,36.5,151,151,30401,986,24657,not_performed,None
SRR18207359,472506,217859,62,62,36.0,36.5,151,151,160581,1338,46896,not_performed,None
SRR18207360,5412,9,28911,29903,32.1,34.3,151,151,10,60,2296,not_performed,None
SRR18207361,478732,88113,62,65,35.9,36.4,151,151,65785,1485,50223,not_performed,None
SRR18207362,914328,150562,62,62,36.0,36.5,151,151,113189,4110,172869,not_performed,None
SRR18207363,265674,66380,62,219,36.0,36.5,151,151,49696,1131,40995,not_performed,None
SRR18207364,394476,32677,32,272,36.0,36.5,151,151,24280,1576,68036,not_performed,None
SRR18207365,452656,18236,113,432,36.0,36.5,151,151,13649,2910,93711,not_performed,None
SRR18207366,512886,36295,62,280,36.0,36.5,151,151,26979,2765,96123,not_performed,None
SRR18207367,684024,14237,177,751,35.9,36.4,151,151,10804,6775,255357,not_performed,None
SRR18207368,416930,100668,65,174,35.9,36.4,151,151,75830,2286,74603,not_performed,None
SRR18207369,347526,11398,62,981,36.2,36.6,151,151,8400,1773,72222,not_performed,None
SRR18207370,542770,50008,62,176,36.0,36.5,151,151,37708,5407,125963,not_performed,None
SRR18207371,421732,67293,62,117,36.1,36.5,151,151,50570,4230,109041,not_performed,None
SRR18207372,483524,58775,62,219,35.8,36.4,151,151,45160,6268,118920,not_performed,None
SRR18207373,559900,38199,32,254,36.1,36.6,151,151,28220,4325,96317,not_performed,None
SRR18207374,378466,14358,144,610,36.1,36.5,151,151,10637,1743,73571,not_performed,None
SRR18207375,471872,31668,62,183,36.0,36.5,151,151,23988,3651,114814,not_performed,None
SRR18207376,385676,135170,61,62,36.0,36.5,151,151,100913,1861,43679,not_performed,None
SRR18207377,503632,64795,61,65,36.1,36.5,151,151,47869,2985,117188,not_performed,None
SRR18207378,480050,30523,62,219,36.0,36.5,151,151,22843,3524,81188,not_performed,None
SRR18207379,502866,116116,62,208,35.6,36.3,151,151,88905,2970,85972,not_performed,None
SRR18207380,517634,113866,62,62,36.0,36.5,151,151,84943,3694,83675,not_performed,None
SRR18207381,536090,62778,64,177,36.0,36.5,151,151,47111,4949,147005,not_performed,None
SRR18207382,319096,3253,507,10909,36.1,36.5,151,151,2391,1795,39493,not_performed,None
SRR18207383,454222,70742,62,166,36.0,36.5,151,151,52457,5255,75297,not_performed,None
SRR18207384,355602,51692,62,113,36.0,36.5,151,151,38351,5820,85491,not_performed,None
SRR18207385,404796,56923,62,243,35.8,36.3,151,151,43467,6479,78236,not_performed,None
SRR18207386,482120,33542,62,227,36.1,36.5,151,151,24617,6976,90117,not_performed,None
SRR18207387,327794,29873,62,270,36.0,36.5,151,151,22207,1640,38524,not_performed,None
SRR18207388,850968,35888,278,1767,36.0,36.5,151,151,26829,8576,317250,not_performed,None
SRR18207389,326586,8172,134,3470,36.0,36.5,151,151,6077,1723,55471,not_performed,None
SRR18207390,528280,26698,62,234,36.0,36.5,151,151,19776,2097,79726,not_performed,None
SRR18207391,359932,29644,166,252,36.0,36.5,151,151,22094,663,42540,not_performed,None
SRR18208281,8156400,7470249,62,67,37.1,37.4,149,149,3912272,247,529,not_performed,None
SRR18208282,2917098,2439481,72,157,36.8,37.0,149,149,1258368,608,768,not_performed,None
SRR18208283,8129514,7353268,118,125,37.0,37.3,149,149,3873998,388,27,not_performed,None
SRR18208284,2602436,2329681,290,411,36.9,37.0,149,149,1195698,250,137,not_performed,None
SRR18208285,7470900,6768783,86,121,37.0,37.2,149,149,3573142,311,177,not_performed,None
SRR18208286,2048310,1757020,137,180,36.8,37.0,149,149,906232,219,250,not_performed,None
SRR18208287,6578790,5954112,62,66,36.8,37.2,149,149,3160448,261,152,not_performed,None
SRR18208288,1462696,1317283,173,226,36.7,36.9,149,149,680905,135,37,not_performed,None
SRR18265021,1005352,937021,106,509,36.3,36.6,149,149,487042,53,49,not_performed,None
SRR18265022,1387820,1279483,66,130,36.5,36.7,149,149,662496,87,29,not_performed,None
SRR18265056,1122260,1019076,425,1671,36.6,36.7,149,149,525284,81,12,not_performed,None
SRR18265094,1042412,969080,148,556,36.5,36.7,149,149,498873,50,20,not_performed,None
SRR18265095,884248,804233,66,85,36.4,36.6,149,149,418043,89,54,not_performed,None
SRR18265175,1353840,1237460,64,144,36.4,36.6,149,149,644223,76,22,not_performed,None
SRR18265176,1214766,1171465,92,672,36.6,36.8,149,149,600947,39,15,not_performed,None
SRR18265220,1256414,1151459,67,145,36.5,36.7,149,149,597963,89,69,not_performed,None
SRR18265345,1421848,1315411,505,1363,36.5,36.7,149,149,680114,110,24,not_performed,None
SRR18265346,1269934,1177840,145,410,36.6,36.8,149,149,604112,88,7,not_performed,None
SRR18265347,1113146,1011112,314,1007,36.5,36.7,149,149,522256,74,20,not_performed,None
SRR18265348,725072,662114,95,257,36.2,36.5,149,149,347002,54,10,not_performed,None
SRR18265349,1261460,1200797,86,884,36.5,36.7,149,149,619311,30,44,not_performed,None
SRR18265350,1425494,1310676,219,804,36.6,36.7,149,149,677715,93,86,not_performed,None
SRR18265351,1397510,1296890,909,2664,36.7,36.8,149,149,672961,74,17,not_performed,None
SRR18265352,1417856,1319120,89,499,36.5,36.7,149,149,684554,64,3,not_performed,None
SRR18265354,1419478,1318280,785,2008,36.6,36.8,149,149,678383,112,58,not_performed,None
SRR18265355,662262,562403,130,581,36.5,36.7,149,149,290769,88,4,not_performed,None
SRR18265356,828674,738719,202,1007,36.5,36.7,149,149,388050,80,159,not_performed,None
SRR18265358,1697862,1526004,67,173,36.4,36.6,149,149,791954,149,23,not_performed,None
SRR18266276,1925164,1586452,167,238,38.1,38.1,149,149,819105,9599,95931,not_performed,None
SRR18266277,2682848,1769896,618,928,38.2,38.2,149,149,935834,104938,125508,not_performed,None
SRR18266278,2242960,1698610,762,1274,38.1,38.2,149,149,885578,28738,172571,not_performed,None
SRR18266279,3035590,1659837,15244,16091,38.0,38.1,149,149,946439,101827,111258,not_performed,None
SRR18266280,2202226,1386203,3538,4542,38.0,38.1,149,149,743808,56782,215449,not_performed,None
SRR18266281,1848334,898581,2181,2657,38.2,38.2,149,149,525568,73292,48160,not_performed,None
SRR18266282,1818022,1255343,145,210,37.3,37.7,149,149,669590,10047,209940,not_performed,None
SRR18266283,3316274,2627852,115,170,38.2,38.2,149,149,1364458,36896,145942,not_performed,None
SRR18266284,2662832,2060301,101,109,37.5,37.8,149,149,1090175,13890,140858,not_performed,None
SRR18270805,2352314,1137899,23870,24052,35.4,35.7,74,74,610163,27778,0,not_performed,None
SRR18270806,2269214,1271129,25913,26062,35.5,35.8,74,74,679741,28045,0,not_performed,None
SRR18270807,3152324,910438,21895,22197,35.6,35.8,74,74,485702,10955,0,not_performed,None
SRR18270808,2827748,1712373,22558,23093,35.5,35.8,74,74,934911,63101,0,not_performed,None
SRR18270809,2217110,933922,25332,25497,35.3,35.6,74,74,521987,24321,0,not_performed,None
SRR18270810,2410444,545144,22308,22557,35.2,35.5,74,74,298235,6892,0,not_performed,None
SRR18270811,2954858,869384,23173,23341,35.5,35.8,74,74,467162,26885,0,not_performed,None
SRR18270812,2261528,673202,21790,22483,35.6,35.9,74,74,358716,5718,1,not_performed,None
SRR18270813,2682660,623865,24662,25126,35.4,35.7,74,74,335127,27367,0,not_performed,None
SRR18270814,2057800,767308,19800,20110,35.5,35.8,74,74,414569,10939,0,not_performed,None
SRR18270815,2578268,1862971,19070,20237,35.4,35.8,74,74,1014565,24470,0,not_performed,None
SRR18270816,3117758,813180,23455,23691,35.6,35.8,74,74,434958,6924,0,not_performed,None
SRR18270817,2330040,886027,24038,24207,35.5,35.8,74,74,486343,18948,0,not_performed,None
SRR18270818,2614384,880960,22584,22852,35.5,35.8,74,74,486899,10934,0,not_performed,None
SRR18270819,2250448,925927,20472,21168,35.5,35.8,74,74,504112,8543,0,not_performed,None
SRR18270820,2014900,798958,18316,18638,35.5,35.8,74,74,426100,4263,0,not_performed,None
SRR18270821,2789902,810461,19132,20280,35.5,35.8,74,74,435942,7243,1,not_performed,None
SRR18270822,1970258,289710,25602,25724,35.6,35.9,74,74,154449,5671,0,not_performed,None
SRR18270823,2895706,394805,19727,20096,35.5,35.8,74,74,214024,19477,0,not_performed,None
SRR18270824,3370056,2375578,15134,16004,35.6,35.8,74,74,1268831,7294,0,not_performed,None
SRR18270825,2485938,912838,22322,22560,35.5,35.8,74,74,489304,10671,0,not_performed,None
SRR18270826,2056586,693572,22968,23150,35.5,35.8,74,74,373292,19312,0,not_performed,None
SRR18270827,2744164,335684,20981,21787,35.6,35.8,74,74,179034,8197,0,not_performed,None
SRR18270828,1878162,505039,24328,25058,35.5,35.8,74,74,274243,7915,0,not_performed,None
SRR18270829,2233480,781761,19765,20559,35.5,35.8,74,74,420047,6547,0,not_performed,None
SRR18270830,2024980,200033,23148,23452,35.4,35.7,74,74,110730,5225,0,not_performed,None
SRR18270831,1960234,522941,23386,23691,35.5,35.8,74,74,283262,20499,0,not_performed,None
SRR18270832,2434822,730249,22336,22746,35.5,35.8,74,74,390553,11858,0,not_performed,None
SRR18270833,2667998,765370,12660,13069,35.5,35.8,74,74,414621,5517,0,not_performed,None
SRR18270834,2582986,786371,24696,25281,35.6,35.9,74,74,432802,44776,0,not_performed,None
SRR18270835,3109044,658994,22487,22722,35.6,35.9,74,74,354792,17117,0,not_performed,None
SRR18270836,2687926,899605,24149,24298,35.4,35.8,74,74,483360,58169,0,not_performed,None
SRR18270837,1801492,494590,21128,21601,35.5,35.8,74,74,271338,11329,0,not_performed,None
SRR18270838,2013602,644874,24846,25559,35.5,35.8,74,74,352849,18646,0,not_performed,None
SRR18280270,2954944,2803025,62,67,37.0,37.3,149,149,1463848,67,7,not_performed,None
SRR18280271,3322250,3136223,62,66,37.2,37.4,149,149,1629169,89,7,not_performed,None
SRR18280272,2992816,2851694,62,67,37.2,37.4,149,149,1474203,57,6,not_performed,None
SRR18280411,2826264,2569297,58,111,37.4,37.5,149,149,1339403,140,12,not_performed,None
SRR18280412,3173738,2884917,62,85,37.0,37.3,149,149,1519136,137,29,not_performed,None
SRR18280413,2625450,2399871,85,106,37.3,37.5,149,149,1250408,151,18,not_performed,None
SRR18280414,2891184,2643261,127,130,37.0,37.3,149,149,1389536,114,17,not_performed,None
SRR18280415,2883372,2701268,79,149,37.1,37.3,149,149,1413529,80,71,not_performed,None
SRR18300800,2110310,1729263,506,604,38.1,38.2,149,149,897687,23975,70082,not_performed,None
SRR18300801,2508320,2052580,489,543,38.2,38.2,149,149,1062830,22418,128192,not_performed,None
SRR18300802,2827516,1179275,11808,12822,38.1,38.2,149,149,699365,73765,9320,not_performed,None
SRR18300803,809322,362050,8652,9308,38.1,38.2,149,149,210866,54397,113456,not_performed,None
SRR18300804,1237770,429379,13746,14450,38.1,38.2,149,149,258262,65971,243192,not_performed,None
SRR18300805,2128974,1718449,2435,2668,38.1,38.1,149,149,901708,53169,43570,not_performed,None
SRR18300806,948076,798203,1278,1551,38.1,38.2,149,149,407536,4095,49445,not_performed,None
SRR18300807,2674830,2121054,345,712,38.1,38.2,149,149,1097620,25086,205306,not_performed,None
SRR18300808,1332520,951599,902,1146,38.1,38.2,149,149,490311,18316,141364,not_performed,None
SRR18300809,1571054,1280877,3089,3352,38.1,38.1,149,149,660182,10438,82666,not_performed,None
SRR18300810,1758128,1172120,575,850,38.1,38.2,149,149,625434,25788,42433,not_performed,None
SRR18300811,1694496,1432355,142,245,38.1,38.2,149,149,740001,24208,55372,not_performed,None
SRR18321871,2113402,1186839,1134,1344,37.5,37.8,149,149,628726,903,2451,not_performed,None
SRR18321872,2070104,1700374,3998,4427,38.1,38.1,149,149,872107,543,9,not_performed,None
SRR18321873,6629292,965532,5036,6009,38.0,38.1,148,148,555196,8925,791,not_performed,None
SRR18321874,2096888,1228281,3397,3635,38.1,38.1,149,149,640174,1704,276,not_performed,None
SRR18321875,3591702,978280,9509,9751,37.9,38.0,149,149,530385,2321,626,not_performed,None
SRR18321876,5116480,1694231,4621,5175,38.0,38.1,149,149,910832,4712,52,not_performed,None
SRR18321877,2412314,2117967,1160,1303,38.1,38.1,149,149,1080866,319,25,not_performed,None
SRR18321880,6303136,1194939,5718,6236,38.0,38.1,148,148,666353,5492,2802,not_performed,None
SRR18337866,1397660,1309674,1389,3904,36.6,36.8,149,149,672682,57,14,not_performed,None
SRR18337868,1451556,1380300,2309,4743,36.6,36.8,149,149,710598,52,0,not_performed,None
SRR18337869,1488516,1388513,1168,3707,36.4,36.7,149,149,724122,99,23,not_performed,None
SRR18337871,1406780,1323406,1855,4957,36.4,36.7,149,149,684436,67,149,not_performed,None
SRR18337873,973698,906259,2538,5669,36.6,36.7,149,149,465059,60,12,not_performed,None
SRR18337874,1395212,1297026,1519,2674,36.6,36.7,149,149,669057,103,13,not_performed,None
SRR18337886,1011486,961119,1449,3718,36.5,36.7,149,149,496041,48,25,not_performed,None
SRR18337890,1455224,1304249,1065,2863,36.7,36.8,149,149,670624,147,15,not_performed,None
SRR18337892,1279534,1182133,1174,3312,36.6,36.8,149,149,608242,60,12,not_performed,None
SRR18429419,30619,22772,6358,13589,16.9,16.9,596,596,20320,2501,0,not_performed,None
SRR18429420,25033,18861,1181,6450,16.9,16.9,594,594,16465,2380,0,not_performed,None
SRR18429421,26387,20678,4781,12962,16.8,16.8,595,595,18745,1852,0,not_performed,None
SRR18429422,36376,27591,349,1441,17.2,17.2,605,605,24743,2812,0,not_performed,None
SRR18429423,14369,11755,10029,17609,16.9,16.9,597,597,10583,1165,0,not_performed,None
SRR18429448,18428,6745,5864,13053,18.1,18.1,575,575,6375,891,0,not_performed,None
SRR18429449,20466,2685,11345,18105,18.3,18.3,562,562,2549,1088,0,not_performed,None
SRR18429450,32230,5029,9615,17618,18.4,18.4,592,592,4855,1449,0,not_performed,None
SRR18429472,32273,5293,7742,14446,18.0,18.0,544,544,5063,1390,39,not_performed,None
SRR18429473,15294,1037,12369,21021,18.0,18.0,555,555,996,725,0,not_performed,None
SRR18429474,61973,9074,9086,14840,18.5,18.5,589,589,8713,2228,0,not_performed,None
SRR18429475,16950,3304,10435,19831,17.8,17.8,585,585,3164,766,0,not_performed,None
SRR18429476,12373,2931,9704,17599,18.4,18.4,571,571,2810,655,0,not_performed,None
SRR18429846,28216,18546,6310,14310,17.4,17.4,604,604,16983,1953,0,not_performed,None
SRR18430166,38106,29160,213,1525,17.0,17.0,599,599,25934,3092,0,not_performed,None
SRR18452471,2471412,1816195,664,904,33.9,34.6,300,300,1138126,6084,48260,not_performed,None
SRR18452472,1935284,1520621,35,59,34.0,34.7,300,300,916642,4417,25436,not_performed,None
SRR18452473,1586562,226637,20303,21690,33.8,34.4,300,300,158924,52175,79335,not_performed,None
SRR18452474,3209606,1537448,22655,24240,34.4,35.0,300,300,876017,67322,74557,not_performed,None
SRR18479769,15526,4439,10236,18832,18.3,18.3,594,594,4278,720,0,not_performed,None
SRR18490815,1683628,1213051,2532,2972,37.8,37.9,149,149,646663,8276,144024,not_performed,None
SRR18490816,1060204,119200,21944,23122,37.9,38.0,149,149,83235,8919,152181,not_performed,None
SRR18490817,556518,328485,3120,3360,37.9,38.0,149,149,179114,9092,61415,not_performed,None
SRR18490818,1067104,712373,2703,3184,37.6,37.8,149,149,375063,3278,101280,not_performed,None
SRR18490819,943906,505185,14180,14982,37.8,37.9,149,149,282039,39571,92039,not_performed,None
SRR18490820,1247304,907323,940,1201,37.8,37.9,149,149,475997,6680,95780,not_performed,None
SRR18490821,1347030,422862,7646,8601,37.7,37.9,149,149,234557,10478,118840,not_performed,None
SRR18490822,189280,33370,25778,26060,38.0,38.1,149,149,23259,4088,25031,not_performed,None
SRR18490823,1259036,512534,15983,17017,37.7,37.8,149,149,301989,19641,166554,not_performed,None
SRR18490824,590318,310482,22070,22853,37.7,37.9,149,149,172203,3965,74009,not_performed,None
SRR18490825,603120,396939,12587,12992,37.9,38.0,149,149,213704,13038,31232,not_performed,None
SRR18490826,783474,101037,16304,16791,37.9,38.0,149,149,61760,5609,41122,not_performed,None
SRR18490827,704724,139483,16476,17473,37.9,38.0,149,149,104412,24884,128424,not_performed,None
SRR18490828,1020734,498868,4336,5352,37.9,38.0,149,149,267377,9591,68978,not_performed,None
SRR18490829,974208,678475,1740,2253,37.8,37.9,149,149,358078,11140,82716,not_performed,None
SRR18490830,379164,152462,6809,7704,37.8,38.0,149,149,83580,6373,77688,not_performed,None
SRR18490831,450354,280524,7161,7953,37.9,38.0,149,149,148681,3988,32908,not_performed,None
SRR18490832,725784,438913,2780,2967,37.7,37.8,149,149,231595,4878,81945,not_performed,None
SRR18490833,1045434,442633,6254,6760,37.9,38.0,149,149,242503,19002,6821,not_performed,None
SRR18490834,1961354,1127661,8061,8826,37.8,37.9,149,149,613412,16781,6364,not_performed,None
SRR18490835,1747318,1168473,4465,5773,37.9,38.0,149,149,624745,31077,28948,not_performed,None
SRR18530519,2706724,1923089,24511,24833,34.9,35.3,74,74,1110167,30330,0,not_performed,None
SRR18530520,3993902,330279,21556,21802,35.1,35.4,74,74,187500,854,0,not_performed,None
SRR18530521,2847806,2242867,20108,20894,35.0,35.4,74,74,1269584,2392,0,not_performed,None
SRR18530522,3301106,1271800,19188,20209,35.0,35.4,74,74,708903,6481,1,not_performed,None
SRR18530523,2324586,1335843,18527,19106,34.9,35.3,74,74,751526,2913,0,not_performed,None
SRR18530524,2693654,1128565,21303,21516,34.9,35.3,74,74,634317,2643,0,not_performed,None
SRR18530525,3708870,631302,20334,20946,35.0,35.4,74,74,357812,4620,1,not_performed,None
SRR18530526,2862308,1405232,22657,23411,34.7,35.1,74,74,819688,8430,0,not_performed,None
SRR18530527,2436662,574842,22314,22654,35.0,35.3,74,74,325298,16430,1,not_performed,None
SRR18530528,2812162,936828,18416,19085,34.9,35.3,74,74,528965,2708,0,not_performed,None
SRR18530529,3101156,1422403,21714,21887,35.0,35.4,74,74,802593,4858,0,not_performed,None
SRR18530530,3029658,1073920,19224,20329,35.0,35.4,74,74,602378,3990,0,not_performed,None
SRR18530531,2877370,287628,20305,21014,34.8,35.2,74,74,161965,1283,0,not_performed,None
SRR18530532,3442274,990954,18630,20614,34.9,35.3,74,74,565519,12353,0,not_performed,None
SRR18530533,2466700,845937,19292,20014,34.9,35.3,74,74,478497,1405,0,not_performed,None
SRR18530534,2090386,649267,20519,21097,35.0,35.4,74,74,363498,5685,0,not_performed,None
SRR18530535,2260790,626893,20934,21350,34.8,35.2,74,74,361259,4044,0,not_performed,None
SRR18530536,3427556,1141787,18350,19322,34.9,35.3,74,74,644680,14363,0,not_performed,None
SRR18530537,2001194,1001138,18759,19144,34.5,35.0,74,74,586373,8653,0,not_performed,None
SRR18530538,3156660,1587617,18772,19242,35.0,35.4,74,74,885436,5669,0,not_performed,None
SRR18530539,3019470,771790,23705,23881,35.0,35.4,74,74,433785,20465,0,not_performed,None
SRR18530540,3395370,1093574,23922,24772,34.9,35.3,74,74,613926,5856,0,not_performed,None
SRR18530541,2134798,1377195,20781,21040,34.9,35.3,74,74,773965,5365,0,not_performed,None
SRR18530542,3262500,356511,21563,21906,34.7,35.2,74,74,205870,2945,1,not_performed,None
SRR18530543,2168804,660474,18135,19105,34.6,35.0,74,74,391150,2494,0,not_performed,None
SRR18530544,2858326,2224420,8728,9342,34.9,35.2,74,74,1259689,5324,0,not_performed,None
SRR18545503,81662,79906,4,705,19.8,19.8,654,654,79544,176,0,not_performed,None
SRR18545504,119114,116842,12,90,20.1,20.1,644,644,116151,321,0,not_performed,None
SRR18545505,54758,51153,177,1671,19.7,19.7,645,645,50882,171,0,not_performed,None
SRR18545506,55052,52539,157,1701,19.9,19.9,646,646,52245,177,0,not_performed,None
SRR18545507,27627,25076,1143,4224,20.0,20.0,642,642,24959,102,0,not_performed,None
SRR18545509,59765,56874,286,2267,20.1,20.1,641,641,56575,156,0,not_performed,None
SRR18545510,88538,84464,200,905,19.9,19.9,649,649,84022,251,0,not_performed,None
SRR18547526,2381044,1947824,2911,3523,37.7,37.8,149,149,1019033,801,91,not_performed,None
SRR18547527,6215340,1395236,1258,1866,37.3,37.5,148,148,842070,3470,609,not_performed,None
SRR18547528,2924180,2221087,474,566,37.6,37.7,149,149,1183042,900,358,not_performed,None
SRR18547529,5460690,1137157,2113,2385,37.1,37.5,148,149,691411,4332,2436,not_performed,None
SRR18547530,3875354,3075047,350,367,37.3,37.5,149,149,1661478,746,129,not_performed,None
SRR18547531,2800186,2285459,816,1142,37.6,37.8,149,149,1198549,761,13,not_performed,None
SRR18573117,631174,190519,13914,14706,38.2,38.3,149,149,104232,5708,128569,not_performed,None
SRR18573118,321946,53460,20172,20701,38.2,38.2,149,149,34824,9318,15112,not_performed,None
SRR18573119,1195652,857732,3372,3936,38.2,38.2,149,149,446410,14744,97694,not_performed,None
SRR18573120,711388,533447,378,633,38.2,38.3,149,149,277559,5999,57289,not_performed,None
SRR18573121,1344532,1118261,329,360,38.2,38.2,149,149,575453,5934,72662,not_performed,None
SRR18573122,1218560,832059,3433,3935,38.1,38.2,149,149,437126,11573,107109,not_performed,None
SRR18573123,1177054,917592,140,195,38.2,38.2,149,149,470772,13274,94308,not_performed,None
SRR18573124,1174200,869447,680,1216,38.2,38.2,149,149,454557,15124,63278,not_performed,None
SRR18573125,512028,60734,24910,25457,38.0,38.1,149,149,39718,17889,108639,not_performed,None
SRR18573126,577286,107107,19512,20191,38.2,38.2,149,149,62765,6070,138567,not_performed,None
SRR18573989,3867160,3454982,2937,3665,36.4,36.5,108,108,1828106,2754,715,not_performed,None
SRR18573990,3818068,2980472,15944,16823,36.4,36.5,118,118,1571384,4896,34,not_performed,None
SRR18573991,3520706,1823013,12865,15822,36.4,36.5,106,106,957396,23102,2130,not_performed,None
SRR18643444,4340462,3561579,4433,4740,37.5,37.6,149,149,1885336,1483,163,not_performed,None
SRR18643446,4447980,3688291,10052,10529,37.6,37.7,149,149,1942026,2087,362,not_performed,None
SRR18643447,7154226,6226967,5706,5989,37.6,37.7,149,149,3233534,1110,146,not_performed,None
SRR18643448,4964768,3732876,4949,5292,37.6,37.7,149,149,1988003,1772,45,not_performed,None
SRR18674539,447645,338041,480,2270,18.9,18.9,664,664,335034,3597,0,not_performed,None
SRR18674541,1025364,950504,6,78,19.7,19.7,666,666,941907,5818,0,not_performed,None
SRR18674542,756045,620772,5,82,18.9,18.9,673,673,615890,5911,0,not_performed,None
SRR18674546,582470,541895,8,276,19.1,19.1,665,665,537416,2826,0,not_performed,None
SRR18674547,1102196,1015755,5,76,19.9,19.9,662,662,1005813,6487,0,not_performed,None
SRR18674679,518761,450239,1,331,18.9,18.9,662,662,446466,3126,0,not_performed,None
SRR18674680,567625,526670,1,10,19.9,19.9,657,657,522667,2622,0,not_performed,None
SRR18674681,382325,304036,1,327,20.1,20.1,637,637,296770,3066,0,not_performed,None
SRR18674682,334144,263986,3,80,19.9,19.9,650,650,261516,2935,0,not_performed,None
SRR18674683,505257,413685,559,3862,18.7,18.7,672,672,410591,3316,0,not_performed,None
SRR18674684,355098,260243,237,1045,19.8,19.8,652,652,258276,2962,0,not_performed,None
SRR18674685,491919,398526,3,83,19.9,19.9,653,653,395096,3556,0,not_performed,None
SRR18674686,622715,586623,2,11,19.0,19.0,671,671,582055,3093,0,not_performed,None
SRR18674688,1198974,1134711,2,83,19.8,19.8,663,663,1124880,6132,0,not_performed,None
SRR18674689,1174672,1091708,4,78,19.8,19.8,669,669,1082323,6556,0,not_performed,None
SRR18674691,366620,250609,667,4266,18.8,18.8,658,658,248271,3644,0,not_performed,None
SRR18674694,250909,152215,255,2615,19.8,19.8,667,667,150910,2289,0,not_performed,None
SRR18674722,696875,653967,3,84,19.0,19.0,671,671,648880,3183,0,not_performed,None
SRR18677369,1479096,48354,546,2359,35.9,36.2,133,132,48414,26522,362,not_performed,None
SRR18677370,1469198,290828,182,412,35.9,36.2,120,120,138143,22363,224,not_performed,None
SRR18677371,2705012,808910,86,87,36.0,36.2,127,126,383413,26887,203,not_performed,None
SRR18677372,2727194,331678,103,298,36.0,36.2,101,100,152244,35683,239,not_performed,None
SRR18677373,2930116,839064,67,67,35.9,36.2,134,133,432464,34955,2397,not_performed,None
SRR18677374,1910906,417604,86,275,36.0,36.3,133,133,217661,26678,224,not_performed,None
SRR18677375,1691614,133123,481,2671,35.9,36.2,147,147,90566,22607,1359,not_performed,None
SRR18741648,5605550,3116433,5703,6281,36.4,36.9,143,142,1668141,135,3,not_performed,None
SRR18741649,6445824,2602817,18660,19383,36.6,37.0,143,143,1385669,312,22,not_performed,None
SRR18741650,5182610,748850,25498,26626,37.4,37.5,142,142,382106,452,1,not_performed,None
SRR18741651,5645158,4382,28086,28768,35.8,36.8,143,142,2524,561,15,not_performed,None
SRR18748123,400302,45741,136,271,37.8,37.9,151,151,23361,326,111113,not_performed,None
SRR18748124,396056,17927,202,1101,37.9,37.9,151,151,9385,957,93201,not_performed,None
SRR18748125,403698,22185,62,301,37.8,37.9,151,151,11578,1222,120158,not_performed,None
SRR18748126,383536,181047,62,206,37.8,37.9,151,151,92195,577,89398,not_performed,None
SRR18748127,472502,22144,166,475,37.9,37.9,151,151,11390,1175,112767,not_performed,None
SRR18748128,413472,41837,61,261,37.9,37.9,151,151,21530,5482,107082,not_performed,None
SRR18748129,514956,202757,62,208,37.8,37.9,151,151,103178,3892,91761,not_performed,None
SRR18748130,560924,15222,228,1395,37.8,37.9,151,151,8340,4523,245812,not_performed,None
SRR18748131,480240,27216,62,332,37.8,37.9,151,151,14435,5647,186554,not_performed,None
SRR18748132,348696,12253,225,1432,37.8,37.9,151,151,6410,558,125153,not_performed,None
SRR18748133,298914,12458,99,1351,37.8,37.9,151,151,6534,2420,65121,not_performed,None
SRR18748134,408720,108131,62,220,37.8,37.8,151,151,55469,4751,98257,not_performed,None
SRR18748135,420136,6760,570,5221,37.8,37.9,151,151,3894,5174,119960,not_performed,None
SRR18748136,468806,15277,170,1233,37.8,37.9,151,151,8182,2588,205073,not_performed,None
SRR18748137,412604,1801,5549,20128,37.8,37.9,151,151,982,466,83752,not_performed,None
SRR18748138,332502,11045,197,1214,37.8,37.9,151,151,5726,1443,56590,not_performed,None
SRR18748139,399396,2491,4242,17285,37.9,37.9,151,151,1518,3141,147143,not_performed,None
SRR18748140,430850,24344,62,381,37.8,37.8,151,151,12718,3336,155624,not_performed,None
SRR18748141,398090,6523,403,4248,37.8,37.9,151,151,3531,2482,95868,not_performed,None
SRR18748142,195840,2482,1323,15079,37.8,37.9,151,151,1289,337,50668,not_performed,None
SRR18748143,729796,340305,62,163,37.8,37.9,151,151,173174,885,149786,not_performed,None
SRR18748144,438862,105710,62,219,37.8,37.9,151,151,53936,964,119840,not_performed,None
SRR18748145,694278,164464,62,217,37.9,37.9,151,151,84183,9236,152225,not_performed,None
SRR18748146,474026,54384,62,246,37.9,37.9,151,151,27752,1405,118042,not_performed,None
SRR18762788,606950,542318,67,111,37.9,38.0,149,149,278239,4822,13248,not_performed,None
SRR18762789,530752,403455,841,1102,38.0,38.1,149,149,206702,2692,34933,not_performed,None
SRR18762790,902814,792676,61,137,38.2,38.3,149,149,406705,9534,17461,not_performed,None
SRR18762791,268380,201769,1387,1648,38.2,38.2,149,149,105015,3560,6460,not_performed,None
SRR18762792,515880,440395,139,216,38.2,38.3,149,149,226817,12002,11134,not_performed,None
SRR18762793,202510,141674,3988,5027,38.1,38.2,149,149,74234,3700,12926,not_performed,None
SRR18762794,330580,243497,2034,2331,38.1,38.2,149,149,126860,6354,13267,not_performed,None
SRR18762795,980670,843264,356,519,38.2,38.2,149,149,431625,12859,30048,not_performed,None
SRR18762796,376322,280604,2794,3395,38.2,38.3,149,149,146504,5856,6460,not_performed,None
SRR18762797,487900,381565,951,1195,38.2,38.2,149,149,196357,8363,33485,not_performed,None
SRR18762798,1161578,1027364,76,143,38.2,38.2,149,149,524707,5318,36774,not_performed,None
SRR18762799,1048430,851749,718,876,38.1,38.2,149,149,440268,22136,39647,not_performed,None
SRR18762800,561764,466758,180,275,38.2,38.2,149,149,240136,5807,22917,not_performed,None
SRR18762801,338138,270634,397,608,38.2,38.2,149,149,140409,6184,8960,not_performed,None
SRR18762802,453152,322836,2947,3351,38.2,38.2,149,149,165728,5173,32121,not_performed,None
SRR18762803,859382,756809,66,133,38.2,38.3,149,149,384386,4243,37091,not_performed,None
SRR18762804,365568,297822,588,974,38.0,38.1,149,149,153145,3719,5437,not_performed,None
SRR18769653,319845,270222,8,82,18.6,18.6,641,641,267399,2256,0,not_performed,None
SRR18769670,185861,146059,4,833,18.6,18.6,636,636,144432,1571,0,not_performed,None
SRR18769676,210857,131673,9,84,18.8,18.8,643,643,130572,3289,0,not_performed,None
SRR18769677,233566,180624,11,84,18.7,18.7,643,643,178842,2275,0,not_performed,None
SRR18769678,410102,354887,9,81,18.5,18.5,641,641,351852,2179,0,not_performed,None
SRR18769751,208358,123423,8,13,19.4,19.4,642,642,121463,5203,0,not_performed,None
SRR18769752,276419,220528,6,331,19.2,19.2,665,665,218312,3039,0,not_performed,None
SRR18769754,199329,130387,9,211,19.3,19.3,637,637,128779,2299,0,not_performed,None
SRR18769755,214096,158190,3,77,19.1,19.1,644,644,156200,2206,0,not_performed,None
SRR18769756,372526,341224,6,76,18.7,18.7,643,643,337602,1929,0,not_performed,None
SRR18769768,155937,98759,11,280,19.4,19.4,639,639,97168,1873,0,not_performed,None
SRR18769915,1953190,1777843,560,2426,36.9,37.1,149,149,914238,274,78,not_performed,None
SRR18770097,1194666,1087912,131,493,36.9,37.1,149,149,560112,209,15,not_performed,None
SRR18770098,3488742,3181693,67,97,36.9,37.1,148,148,1624021,482,901,not_performed,None
SRR18770099,1586334,1509267,84,150,36.9,37.1,149,149,774292,125,122,not_performed,None
SRR18770100,879534,834681,67,186,36.9,37.1,149,149,427709,37,100,not_performed,None
SRR18771441,3713528,3459134,611,997,37.4,37.6,149,149,1795249,135,10,not_performed,None
SRR18771563,3655582,3327411,737,882,37.6,37.7,149,149,1708222,343,44,not_performed,None
